Accounting,Female,Accountant I,29
Accounting,Male,Accountant I,46
Accounting,Non-Conforming,Accountant I,3
Accounting,Female,Accountant II,47
Accounting,Male,Accountant II,37
Accounting,Non-Conforming,Accountant II,2
Accounting,Female,Accountant III,43
Accounting,Male,Accountant III,38
Accounting,Non-Conforming,Accountant III,3
Accounting,Female,Accountant IV,38
Accounting,Male,Accountant IV,44
Accounting,Non-Conforming,Accountant IV,2
Accounting,Female,Accounting Assistant I,42
Accounting,Male,Accounting Assistant I,42
Accounting,Non-Conforming,Accounting Assistant I,2
Accounting,Female,Accounting Assistant II,31
Accounting,Male,Accounting Assistant II,47
Accounting,Non-Conforming,Accounting Assistant II,2
Accounting,Female,Accounting Assistant III,33
Accounting,Male,Accounting Assistant III,34
Accounting,Non-Conforming,Accounting Assistant III,3
Accounting,Female,Accounting Assistant IV,49
Accounting,Male,Accounting Assistant IV,45
Accounting,Female,Actuary,13
Accounting,Male,Actuary,15
Accounting,Female,Administrative Assistant I,4
Accounting,Male,Administrative Assistant I,3
Accounting,Non-Conforming,Administrative Assistant I,1
Accounting,Female,Administrative Assistant II,4
Accounting,Female,Administrative Assistant III,6
Accounting,Male,Administrative Assistant III,2
Accounting,Female,Administrative Assistant IV,3
Accounting,Male,Administrative Assistant IV,3
Accounting,Female,Administrative Officer,11
Accounting,Male,Administrative Officer,15
Accounting,Non-Conforming,Administrative Officer,1
Accounting,Female,Budget/Accounting Analyst I,79
Accounting,Male,Budget/Accounting Analyst I,74
Accounting,Non-Conforming,Budget/Accounting Analyst I,2
Accounting,Female,Budget/Accounting Analyst II,67
Accounting,Male,Budget/Accounting Analyst II,89
Accounting,Non-Conforming,Budget/Accounting Analyst II,4
Accounting,Female,Budget/Accounting Analyst III,77
Accounting,Male,Budget/Accounting Analyst III,75
Accounting,Non-Conforming,Budget/Accounting Analyst III,5
Accounting,Female,Budget/Accounting Analyst IV,78
Accounting,Male,Budget/Accounting Analyst IV,87
Accounting,Non-Conforming,Budget/Accounting Analyst IV,4
Accounting,Female,Cost Accountant,136
Accounting,Male,Cost Accountant,153
Accounting,Non-Conforming,Cost Accountant,11
Accounting,Female,Financial Advisor,13
Accounting,Male,Financial Advisor,12
Accounting,Non-Conforming,Financial Advisor,2
Accounting,Female,Financial Analyst,34
Accounting,Male,Financial Analyst,28
Accounting,Non-Conforming,Financial Analyst,2
Accounting,Female,Payment Adjustment Coordinator,8
Accounting,Male,Payment Adjustment Coordinator,14
Accounting,Female,Senior Cost Accountant,143
Accounting,Male,Senior Cost Accountant,154
Accounting,Non-Conforming,Senior Cost Accountant,9
Accounting,Female,Senior Financial Analyst,12
Accounting,Male,Senior Financial Analyst,16
Accounting,Female,Staff Accountant I,192
Accounting,Male,Staff Accountant I,230
Accounting,Non-Conforming,Staff Accountant I,7
Accounting,Female,Staff Accountant II,33
Accounting,Male,Staff Accountant II,39
Accounting,Non-Conforming,Staff Accountant II,4
Accounting,Female,Staff Accountant III,37
Accounting,Male,Staff Accountant III,46
Accounting,Non-Conforming,Staff Accountant III,8
Accounting,Female,Staff Accountant IV,53
Accounting,Male,Staff Accountant IV,44
Accounting,Non-Conforming,Staff Accountant IV,3
Accounting,Female,Structural Engineer,14
Accounting,Male,Structural Engineer,14
Accounting,Female,Tax Accountant,121
Accounting,Male,Tax Accountant,166
Accounting,Non-Conforming,Tax Accountant,5
Accounting,Female,VP Accounting,34
Accounting,Male,VP Accounting,40
Accounting,Non-Conforming,VP Accounting,1
Auditing,Female,Internal Auditor,24
Auditing,Male,Internal Auditor,26
Business Development,Female,Business Analyst,264
Business Development,Male,Business Analyst,284
Business Development,Non-Conforming,Business Analyst,20
Business Development,Female,Business Development Manager,1
Business Development,Male,Business Development Manager,4
Business Development,Female,Human Resources Analyst II,1
Business Development,Male,Human Resources Analyst II,1
Business Development,Female,Research Assistant I,122
Business Development,Male,Research Assistant I,151
Business Development,Non-Conforming,Research Assistant I,7
Business Development,Female,Research Assistant II,343
Business Development,Male,Research Assistant II,358
Business Development,Non-Conforming,Research Assistant II,20
Business Development,Female,Research Assistant III,4
Business Development,Male,Research Assistant III,7
Engineering,Female,Administrative Assistant I,3
Engineering,Male,Administrative Assistant I,1
Engineering,Female,Administrative Assistant II,2
Engineering,Male,Administrative Assistant II,1
Engineering,Non-Conforming,Administrative Assistant II,1
Engineering,Female,Administrative Assistant III,3
Engineering,Male,Administrative Assistant III,4
Engineering,Male,Administrative Assistant IV,1
Engineering,Female,Administrative Officer,14
Engineering,Male,Administrative Officer,14
Engineering,Female,Analog Circuit Design manager,20
Engineering,Male,Analog Circuit Design manager,25
Engineering,Non-Conforming,Analog Circuit Design manager,1
Engineering,Female,Analyst Programmer,175
Engineering,Male,Analyst Programmer,176
Engineering,Non-Conforming,Analyst Programmer,12
Engineering,Female,Assistant Manager,8
Engineering,Male,Assistant Manager,8
Engineering,Male,Associate Professor,1
Engineering,Female,Automation Specialist I,5
Engineering,Male,Automation Specialist I,13
Engineering,Non-Conforming,Automation Specialist I,2
Engineering,Female,Automation Specialist II,7
Engineering,Male,Automation Specialist II,11
Engineering,Non-Conforming,Automation Specialist II,2
Engineering,Female,Automation Specialist III,3
Engineering,Male,Automation Specialist III,2
Engineering,Female,Automation Specialist IV,6
Engineering,Male,Automation Specialist IV,5
Engineering,Female,Business Analyst,26
Engineering,Male,Business Analyst,23
Engineering,Non-Conforming,Business Analyst,4
Engineering,Female,Business Systems Development Analyst,149
Engineering,Male,Business Systems Development Analyst,162
Engineering,Non-Conforming,Business Systems Development Analyst,14
Engineering,Female,Chief Design Engineer,35
Engineering,Male,Chief Design Engineer,32
Engineering,Non-Conforming,Chief Design Engineer,2
Engineering,Female,Computer Systems Analyst I,44
Engineering,Male,Computer Systems Analyst I,41
Engineering,Non-Conforming,Computer Systems Analyst I,2
Engineering,Female,Computer Systems Analyst II,40
Engineering,Male,Computer Systems Analyst II,48
Engineering,Female,Computer Systems Analyst III,31
Engineering,Male,Computer Systems Analyst III,36
Engineering,Non-Conforming,Computer Systems Analyst III,2
Engineering,Female,Computer Systems Analyst IV,30
Engineering,Male,Computer Systems Analyst IV,38
Engineering,Non-Conforming,Computer Systems Analyst IV,1
Engineering,Female,Data Coordiator,157
Engineering,Male,Data Coordiator,172
Engineering,Non-Conforming,Data Coordiator,14
Engineering,Female,Data Visualization Specialist,194
Engineering,Male,Data Visualization Specialist,231
Engineering,Non-Conforming,Data Visualization Specialist,12
Engineering,Female,Database Administrator I,35
Engineering,Male,Database Administrator I,43
Engineering,Non-Conforming,Database Administrator I,4
Engineering,Female,Database Administrator II,40
Engineering,Male,Database Administrator II,47
Engineering,Non-Conforming,Database Administrator II,1
Engineering,Female,Database Administrator III,42
Engineering,Male,Database Administrator III,36
Engineering,Non-Conforming,Database Administrator III,3
Engineering,Female,Database Administrator IV,43
Engineering,Male,Database Administrator IV,37
Engineering,Non-Conforming,Database Administrator IV,2
Engineering,Female,Design Engineer,17
Engineering,Male,Design Engineer,11
Engineering,Female,Developer I,47
Engineering,Male,Developer I,29
Engineering,Non-Conforming,Developer I,4
Engineering,Female,Developer II,30
Engineering,Male,Developer II,29
Engineering,Non-Conforming,Developer II,7
Engineering,Female,Developer III,34
Engineering,Male,Developer III,44
Engineering,Non-Conforming,Developer III,1
Engineering,Female,Developer IV,38
Engineering,Male,Developer IV,36
Engineering,Female,Electrical Engineer,15
Engineering,Male,Electrical Engineer,11
Engineering,Non-Conforming,Electrical Engineer,1
Engineering,Female,Engineer I,4
Engineering,Male,Engineer I,5
Engineering,Female,Engineer II,1
Engineering,Male,Engineer II,5
Engineering,Female,Engineer III,1
Engineering,Male,Engineer III,3
Engineering,Female,Engineer IV,1
Engineering,Male,Engineer IV,2
Engineering,Female,Information Systems Manager,16
Engineering,Male,Information Systems Manager,15
Engineering,Non-Conforming,Information Systems Manager,1
Engineering,Female,Mechanical Systems Engineer,16
Engineering,Male,Mechanical Systems Engineer,10
Engineering,Non-Conforming,Mechanical Systems Engineer,1
Engineering,Female,Product Engineer,15
Engineering,Male,Product Engineer,16
Engineering,Female,Programmer Analyst I,44
Engineering,Male,Programmer Analyst I,43
Engineering,Non-Conforming,Programmer Analyst I,5
Engineering,Female,Programmer Analyst II,41
Engineering,Male,Programmer Analyst II,48
Engineering,Non-Conforming,Programmer Analyst II,1
Engineering,Female,Programmer Analyst III,33
Engineering,Male,Programmer Analyst III,43
Engineering,Female,Programmer Analyst IV,34
Engineering,Male,Programmer Analyst IV,38
Engineering,Non-Conforming,Programmer Analyst IV,3
Engineering,Female,Programmer I,38
Engineering,Male,Programmer I,40
Engineering,Non-Conforming,Programmer I,6
Engineering,Female,Programmer II,36
Engineering,Male,Programmer II,39
Engineering,Non-Conforming,Programmer II,2
Engineering,Female,Programmer III,40
Engineering,Male,Programmer III,38
Engineering,Female,Programmer IV,25
Engineering,Male,Programmer IV,34
Engineering,Non-Conforming,Programmer IV,1
Engineering,Female,Quality Control Specialist,15
Engineering,Male,Quality Control Specialist,12
Engineering,Non-Conforming,Quality Control Specialist,1
Engineering,Female,Quality Engineer,15
Engineering,Male,Quality Engineer,14
Engineering,Female,Recruiting Manager,11
Engineering,Male,Recruiting Manager,8
Engineering,Non-Conforming,Recruiting Manager,2
Engineering,Female,Research Assistant I,15
Engineering,Male,Research Assistant I,14
Engineering,Non-Conforming,Research Assistant I,2
Engineering,Female,Research Assistant II,8
Engineering,Male,Research Assistant II,3
Engineering,Female,Research Assistant III,4
Engineering,Male,Research Assistant III,2
Engineering,Female,Research Assistant IV,3
Engineering,Male,Research Assistant IV,3
Engineering,Non-Conforming,Research Assistant IV,1
Engineering,Female,Research Associate,10
Engineering,Male,Research Associate,9
Engineering,Female,Senior Developer,176
Engineering,Male,Senior Developer,168
Engineering,Non-Conforming,Senior Developer,5
Engineering,Female,Senior Financial Analyst,15
Engineering,Male,Senior Financial Analyst,12
Engineering,Non-Conforming,Senior Financial Analyst,1
Engineering,Female,Senior Quality Engineer,17
Engineering,Male,Senior Quality Engineer,17
Engineering,Non-Conforming,Senior Quality Engineer,1
Engineering,Female,Software Consultant,141
Engineering,Male,Software Consultant,175
Engineering,Non-Conforming,Software Consultant,10
Engineering,Female,Software Engineer I,180
Engineering,Male,Software Engineer I,186
Engineering,Non-Conforming,Software Engineer I,12
Engineering,Female,Software Engineer II,35
Engineering,Male,Software Engineer II,45
Engineering,Non-Conforming,Software Engineer II,2
Engineering,Female,Software Engineer III,46
Engineering,Male,Software Engineer III,48
Engineering,Non-Conforming,Software Engineer III,1
Engineering,Female,Software Engineer IV,41
Engineering,Male,Software Engineer IV,46
Engineering,Non-Conforming,Software Engineer IV,1
Engineering,Female,Software Test Engineer I,39
Engineering,Male,Software Test Engineer I,43
Engineering,Non-Conforming,Software Test Engineer I,2
Engineering,Female,Software Test Engineer II,29
Engineering,Male,Software Test Engineer II,37
Engineering,Non-Conforming,Software Test Engineer II,3
Engineering,Female,Software Test Engineer III,40
Engineering,Male,Software Test Engineer III,40
Engineering,Non-Conforming,Software Test Engineer III,1
Engineering,Female,Software Test Engineer IV,39
Engineering,Male,Software Test Engineer IV,49
Engineering,Female,Staff Scientist,18
Engineering,Male,Staff Scientist,13
Engineering,Non-Conforming,Staff Scientist,2
Engineering,Female,Statistician I,5
Engineering,Male,Statistician I,6
Engineering,Female,Statistician II,7
Engineering,Male,Statistician II,3
Engineering,Female,Statistician III,4
Engineering,Female,Statistician IV,1
Engineering,Female,Structural Analysis Engineer,15
Engineering,Male,Structural Analysis Engineer,11
Engineering,Female,Structural Engineer,12
Engineering,Male,Structural Engineer,15
Engineering,Female,Systems Administrator I,156
Engineering,Male,Systems Administrator I,198
Engineering,Non-Conforming,Systems Administrator I,8
Engineering,Female,Systems Administrator II,34
Engineering,Male,Systems Administrator II,35
Engineering,Non-Conforming,Systems Administrator II,2
Engineering,Female,Systems Administrator III,31
Engineering,Male,Systems Administrator III,46
Engineering,Non-Conforming,Systems Administrator III,2
Engineering,Female,Systems Administrator IV,29
Engineering,Male,Systems Administrator IV,51
Engineering,Non-Conforming,Systems Administrator IV,5
Engineering,Female,VP Quality Control,12
Engineering,Male,VP Quality Control,10
Engineering,Non-Conforming,VP Quality Control,1
Engineering,Female,Web Designer I,10
Engineering,Male,Web Designer I,19
Engineering,Male,Web Designer II,2
Engineering,Non-Conforming,Web Designer II,1
Engineering,Female,Web Designer III,4
Engineering,Male,Web Designer III,5
Engineering,Female,Web Designer IV,4
Engineering,Male,Web Designer IV,4
Engineering,Female,Web Developer I,42
Engineering,Male,Web Developer I,50
Engineering,Non-Conforming,Web Developer I,4
Engineering,Female,Web Developer II,36
Engineering,Male,Web Developer II,35
Engineering,Non-Conforming,Web Developer II,3
Engineering,Female,Web Developer III,29
Engineering,Male,Web Developer III,38
Engineering,Female,Web Developer IV,31
Engineering,Male,Web Developer IV,34
Human Resources,Female,Compensation Analyst,13
Human Resources,Male,Compensation Analyst,16
Human Resources,Non-Conforming,Compensation Analyst,1
Human Resources,Female,HR Manager,90
Human Resources,Male,HR Manager,104
Human Resources,Non-Conforming,HR Manager,2
Human Resources,Female,Human Resources Analyst,173
Human Resources,Male,Human Resources Analyst,211
Human Resources,Non-Conforming,Human Resources Analyst,9
Human Resources,Female,Human Resources Analyst II,292
Human Resources,Male,Human Resources Analyst II,283
Human Resources,Non-Conforming,Human Resources Analyst II,12
Human Resources,Female,Human Resources Assistant I,4
Human Resources,Male,Human Resources Assistant I,11
Human Resources,Female,Human Resources Assistant II,5
Human Resources,Male,Human Resources Assistant II,5
Human Resources,Female,Human Resources Assistant III,8
Human Resources,Male,Human Resources Assistant III,6
Human Resources,Non-Conforming,Human Resources Assistant III,1
Human Resources,Female,Human Resources Assistant IV,4
Human Resources,Male,Human Resources Assistant IV,5
Human Resources,Non-Conforming,Human Resources Assistant IV,1
Human Resources,Female,Human Resources Manager,34
Human Resources,Male,Human Resources Manager,26
Human Resources,Non-Conforming,Human Resources Manager,1
Human Resources,Female,Recruiter,110
Human Resources,Male,Recruiter,109
Human Resources,Non-Conforming,Recruiter,5
Human Resources,Female,Senior Recruiter,96
Human Resources,Male,Senior Recruiter,97
Human Resources,Non-Conforming,Senior Recruiter,8
Legal,Female,Administrative Assistant,19
Legal,Male,Administrative Assistant,19
Legal,Non-Conforming,Administrative Assistant,1
Legal,Female,Attorney,14
Legal,Male,Attorney,22
Legal,Non-Conforming,Attorney,3
Legal,Female,Executive Assistant,17
Legal,Male,Executive Assistant,21
Legal,Non-Conforming,Executive Assistant,1
Legal,Female,Legal Assistant,12
Legal,Male,Legal Assistant,6
Legal,Non-Conforming,Legal Assistant,1
Legal,Female,Librarian,8
Legal,Male,Librarian,17
Legal,Female,Paralegal,34
Legal,Male,Paralegal,27
Legal,Non-Conforming,Paralegal,1
Legal,Female,Research Assistant,14
Legal,Male,Research Assistant,24
Legal,Female,Senior Attorney,18
Legal,Male,Senior Attorney,21
Legal,Non-Conforming,Senior Attorney,1
Marketing,Female,Administrative Assistant II,2
Marketing,Male,Administrative Assistant II,1
Marketing,Female,Editor,44
Marketing,Male,Editor,43
Marketing,Female,Graphic Designer,9
Marketing,Male,Graphic Designer,3
Marketing,Female,Marketing Assistant,4
Marketing,Male,Marketing Assistant,4
Marketing,Female,Marketing Manager,1
Marketing,Female,Media Manager I,55
Marketing,Male,Media Manager I,65
Marketing,Non-Conforming,Media Manager I,2
Marketing,Female,Media Manager II,21
Marketing,Male,Media Manager II,25
Marketing,Non-Conforming,Media Manager II,2
Marketing,Female,Office Assistant I,4
Marketing,Female,Research Associate,3
Marketing,Male,Research Associate,1
Marketing,Female,Senior Editor,65
Marketing,Male,Senior Editor,72
Marketing,Non-Conforming,Senior Editor,1
Marketing,Female,VP Marketing,15
Marketing,Male,VP Marketing,27
Marketing,Female,Web Designer I,1
Marketing,Male,Web Designer I,3
Marketing,Female,Web Designer III,2
Marketing,Male,Web Designer III,2
Product Management,Female,Assistant Manager,12
Product Management,Male,Assistant Manager,14
Product Management,Female,Business Analyst,27
Product Management,Male,Business Analyst,28
Product Management,Female,Chief Design Engineer,7
Product Management,Male,Chief Design Engineer,9
Product Management,Female,Design Engineer,10
Product Management,Male,Design Engineer,13
Product Management,Female,General Manager,8
Product Management,Male,General Manager,11
Product Management,Female,Product Engineer,11
Product Management,Male,Product Engineer,13
Product Management,Female,Project Manager,131
Product Management,Male,Project Manager,181
Product Management,Non-Conforming,Project Manager,14
Product Management,Female,Quality Control Specialist,18
Product Management,Male,Quality Control Specialist,11
Product Management,Female,Quality Engineer,9
Product Management,Male,Quality Engineer,22
Product Management,Female,Senior Quality Engineer,17
Product Management,Male,Senior Quality Engineer,10
Product Management,Female,VP Product Management,19
Product Management,Male,VP Product Management,20
Product Management,Non-Conforming,VP Product Management,1
Research and Development,Female,Administrative Assistant II,1
Research and Development,Male,Administrative Assistant II,1
Research and Development,Male,Administrative Assistant III,1
Research and Development,Male,Assistant Manager,1
Research and Development,Non-Conforming,Assistant Manager,1
Research and Development,Male,Assistant Professor,1
Research and Development,Female,Business Analyst,4
Research and Development,Female,Chief Design Engineer,2
Research and Development,Male,Chief Design Engineer,1
Research and Development,Female,Design Engineer,1
Research and Development,Male,Design Engineer,1
Research and Development,Female,Engineer III,1
Research and Development,Male,Executive Secretary,1
Research and Development,Male,Financial Analyst,1
Research and Development,Non-Conforming,General Manager,1
Research and Development,Female,Information Systems Manager,1
Research and Development,Male,Information Systems Manager,2
Research and Development,Male,Office Assistant I,2
Research and Development,Male,Office Assistant IV,1
Research and Development,Female,Operator,106
Research and Development,Male,Operator,88
Research and Development,Non-Conforming,Operator,9
Research and Development,Male,Product Engineer,1
Research and Development,Female,Quality Control Specialist,36
Research and Development,Male,Quality Control Specialist,31
Research and Development,Non-Conforming,Quality Control Specialist,2
Research and Development,Female,Quality Engineer,1
Research and Development,Male,Quality Engineer,1
Research and Development,Female,Research Assistant I,103
Research and Development,Male,Research Assistant I,96
Research and Development,Non-Conforming,Research Assistant I,2
Research and Development,Female,Research Associate,80
Research and Development,Male,Research Associate,80
Research and Development,Non-Conforming,Research Associate,5
Research and Development,Female,Senior Quality Engineer,38
Research and Development,Male,Senior Quality Engineer,42
Research and Development,Non-Conforming,Senior Quality Engineer,1
Research and Development,Female,Statistician I,1
Research and Development,Female,Statistician II,1
Research and Development,Male,Statistician II,1
Research and Development,Female,Structural Analysis Engineer,8
Research and Development,Male,Structural Analysis Engineer,11
Research and Development,Female,Structural Engineer,102
Research and Development,Male,Structural Engineer,131
Research and Development,Non-Conforming,Structural Engineer,12
Research and Development,Female,VP Quality Control,9
Research and Development,Male,VP Quality Control,9
Research and Development,Non-Conforming,VP Quality Control,1
Sales,Male,Account Coordinator,2
Sales,Female,Account Executive,243
Sales,Male,Account Executive,230
Sales,Non-Conforming,Account Executive,9
Sales,Female,Account Manager,101
Sales,Male,Account Manager,105
Sales,Non-Conforming,Account Manager,5
Sales,Female,Customer Success Manager,81
Sales,Male,Customer Success Manager,111
Sales,Non-Conforming,Customer Success Manager,7
Sales,Female,Director of Sales,5
Sales,Male,Director of Sales,3
Sales,Non-Conforming,Director of Sales,1
Sales,Female,Pre-Sales Consultant,88
Sales,Male,Pre-Sales Consultant,114
Sales,Non-Conforming,Pre-Sales Consultant,5
Sales,Female,Relationshiop Manager,91
Sales,Male,Relationshiop Manager,112
Sales,Non-Conforming,Relationshiop Manager,6
Sales,Female,Sales Associate,3
Sales,Male,Sales Associate,2
Sales,Female,Sales Representative,2
Sales,Male,Sales Representative,3
Sales,Female,Senior Sales Associate,5
Sales,Male,Senior Sales Associate,9
Sales,Female,Solutions Engineer,83
Sales,Male,Solutions Engineer,117
Sales,Non-Conforming,Solutions Engineer,8
Sales,Female,Solutions Engineer Manager,95
Sales,Male,Solutions Engineer Manager,109
Sales,Non-Conforming,Solutions Engineer Manager,4
Sales,Female,VP Sales,5
Sales,Non-Conforming,VP Sales,1
Services,Female,General Manager,7
Services,Male,General Manager,2
Services,Female,Operator,6
Services,Male,Operator,7
Services,Female,Research Associate,6
Services,Male,Research Associate,7
Services,Female,Service Coordinator,154
Services,Male,Service Coordinator,157
Services,Non-Conforming,Service Coordinator,3
Services,Female,Service Manager,151
Services,Male,Service Manager,154
Services,Non-Conforming,Service Manager,6
Services,Female,Service Tech,149
Services,Male,Service Tech,157
Services,Non-Conforming,Service Tech,10
Services,Female,Service Tech II,144
Services,Male,Service Tech II,164
Services,Non-Conforming,Service Tech II,8
Services,Female,Service Tech III,151
Services,Male,Service Tech III,168
Services,Non-Conforming,Service Tech III,5
Support,Female,Assistant Manager,1
Support,Female,Automation Specialist I,3
Support,Male,Automation Specialist I,3
Support,Non-Conforming,Automation Specialist I,1
Support,Female,Automation Specialist II,6
Support,Male,Automation Specialist II,3
Support,Female,Automation Specialist III,3
Support,Male,Automation Specialist III,3
Support,Non-Conforming,Automation Specialist III,1
Support,Female,Automation Specialist IV,7
Support,Male,Automation Specialist IV,1
Support,Non-Conforming,Automation Specialist IV,1
Support,Female,Community Outreach Specialist,18
Support,Male,Community Outreach Specialist,11
Support,Non-Conforming,Community Outreach Specialist,1
Support,Female,Desktop Support Technician,127
Support,Male,Desktop Support Technician,160
Support,Non-Conforming,Desktop Support Technician,16
Support,Female,Help Desk Operator,48
Support,Male,Help Desk Operator,38
Support,Non-Conforming,Help Desk Operator,3
Support,Female,Help Desk Technician,156
Support,Male,Help Desk Technician,159
Support,Non-Conforming,Help Desk Technician,7
Support,Female,Support Staff,21
Support,Male,Support Staff,34
Support,Non-Conforming,Support Staff,4
Support,Female,Support Staff II,22
Support,Male,Support Staff II,32
Support,Non-Conforming,Support Staff II,2
Support,Female,Support Staff III,7
Support,Male,Support Staff III,12
Training,Female,Administrative Assistant I,79
Training,Male,Administrative Assistant I,95
Training,Non-Conforming,Administrative Assistant I,2
Training,Female,Administrative Assistant II,13
Training,Male,Administrative Assistant II,15
Training,Female,Assistant Trainer,82
Training,Male,Assistant Trainer,90
Training,Non-Conforming,Assistant Trainer,4
Training,Male,Chief Design Engineer,1
Training,Female,Content Developer,21
Training,Male,Content Developer,33
Training,Female,Content Developer II,19
Training,Male,Content Developer II,29
Training,Non-Conforming,Content Developer II,5
Training,Female,Content Developer III,24
Training,Male,Content Developer III,25
Training,Non-Conforming,Content Developer III,2
Training,Female,Junior Trainer,83
Training,Male,Junior Trainer,86
Training,Non-Conforming,Junior Trainer,5
Training,Female,Senior Trainer,77
Training,Male,Senior Trainer,92
Training,Non-Conforming,Senior Trainer,5
Training,Female,Support Staff,20
Training,Male,Support Staff,18
Training,Non-Conforming,Support Staff,2
Training,Female,Trainer I,92
Training,Male,Trainer I,75
Training,Non-Conforming,Trainer I,10
Training,Female,Trainer II,87
Training,Male,Trainer II,85
Training,Non-Conforming,Trainer II,3
Training,Female,Trainer III,79
Training,Male,Trainer III,96
Training,Non-Conforming,Trainer III,1
Training,Female,Training Manager,82
Training,Male,Training Manager,86
Training,Non-Conforming,Training Manager,5
Training,Male,VP of Training and Development,1
